URL,IMAGE
https://www.britishmuseum.org/exhibitions/silk-roads,Error fetching
https://www.britishmuseum.org/exhibitions/hew-locke-what-have-we-here,Error fetching
https://www.britishmuseum.org/exhibitions/war-rugs-afghanistans-knotted-history,Error fetching
https://www.britishmuseum.org/exhibitions/picasso-printmaker,Error fetching
https://www.britishmuseum.org/exhibitions/admonitions-instructress-court-ladies,Error fetching
https://www.britishmuseum.org/exhibitions/rethinking-british-museum,Error fetching
https://www.britishmuseum.org/exhibitions/gifts-love-and-friendship-max-beckmann-and-marie-louise-von-motesiczky,Error fetching
https://www.bankofengland.co.uk/museum/whats-on/the-future-of-money,https://www.bankofengland.co.uk/-/media/boe/images/museum/the-future-of-money/future-of-money-banner.jpg
https://www.barbican.org.uk/whats-on/2024/event/the-imaginary-institution-of-india-art-1975-1998,https://www.barbican.org.uk/sites/default/files/styles/large/public/images/2024-10/16%209_gieve%20patel.jpg?itok=Id46733m
https://www.barbican.org.uk/whats-on/2024/event/pamela-phatsimo-sunstrum-it-will-end-in-tears,https://www.barbican.org.uk/sites/default/files/styles/large/public/images/2024-09/C551-1-15520.jpg?itok=FkIBi2Oe
https://www.barbican.org.uk/whats-on/2025/event/noah-davis,https://www.barbican.org.uk/sites/default/files/styles/large/public/images/2024-05/04.%20Noah%20Davis%2C%20Pueblo%20del%20Rio_%20Arabesque%2C%202014%20%C2%A9%20The%20Estate%20of%20Noah%20Davis%2C%20Courtesy%20The%20Estate%20of%20Noah%20Davis%20and%20David%20Zwirner.jpg?itok=Oet-eA_T
https://www.barbican.org.uk/whats-on/2025/event/citra-sasmita,https://www.barbican.org.uk/sites/default/files/styles/large/public/images/2024-05/09.%20Citra%20Sasmita%2C%20Installation%20view%20of%20Citra%20Sasmita%2C%20Ode%20to%20the%20Sun%2C%20Yeo%20Workshop%2C%20Singapore%2C%202020_resized.jpg?itok=rRG7kE5w
https://www.barbican.org.uk/whats-on/2025/series/encounters-giacometti,https://www.barbican.org.uk/sites/default/files/styles/large/public/images/2024-11/2003-3697%20retravaill%C3%A9.jpg?itok=lHBrWAjL
https://designmuseum.org/exhibitions/barbie-the-exhibition,http://designmuseum.org//image/5e5f4ed3-6df8-49e1-b289-d0ba4936c778?width=1920?width=240&height=240
https://designmuseum.org/exhibitions/the-world-of-tim-burton,http://designmuseum.org//image/8ed09bda-aee4-443f-9100-8cc8658c0b40?width=1920?width=240&height=240
https://designmuseum.org/exhibitions/grazie-enzo-contemporary-responses-to-enzo-mari,http://designmuseum.org//image/2c0cda53-e813-46b9-bf97-1c5f5dc61ce9?width=1920?width=240&height=240
https://designmuseum.org/exhibitions/future-observatory-tomorrows-wardrobe,http://designmuseum.org//image/a9a3519c-49eb-481b-82b1-c0a72de40160?width=1920?width=240&height=240
https://designmuseum.org/exhibitions/platform-bethan-laura-wood,http://designmuseum.org//image/6a50040f-9064-4736-9a7c-7436d701d391?width=1920?width=240&height=240
https://designmuseum.org/exhibitions/splash-a-century-of-swimming-and-style,http://designmuseum.org//image/dccc59cd-ed0d-4c83-ac69-f5bd4d77a0af?width=1920?width=240&height=240
https://designmuseum.org/exhibitions/more-than-human,http://designmuseum.org//image/6392da6e-097b-4def-9edd-e67bb8f8437a?width=1920?width=240&height=240
https://designmuseum.org/exhibitions/blitz-the-club-that-shaped-the-80s,http://designmuseum.org//image/daf4f37b-25bd-4c67-93b0-e1b8be688fae?width=1920?width=240&height=240
https://designmuseum.org/exhibitions/wes-anderson-the-exhibition,http://designmuseum.org//image/e865d67e-1b76-4373-b731-c3a677c277e1?width=1920?width=240&height=240
https://www.vam.ac.uk/exhibitions/making-egypt,https://assets-cdn.vam.ac.uk/2024/11/21/17/02/12/ff3ca15a-be92-44cd-8ee4-466290b8f3ef/640.jpg